{
  "$schema": "https://schema.management.azure.com/schemas/2019-04-01/deploymentParameters.json#",
  "contentVersion": "1.0.0.0",
  "parameters": {
    "environmentName": {
      "value": "${AZURE_ENV_NAME}"
    },
    "location": {
      "value": "${AZURE_LOCATION}"
    },

    "corsOriginUrl": {
      "value": "*"
    },
    "audienceAppId": {
      "value": "xxxxxxxx-xxxx-xxxx-xxxx-xxxxxxxxxxxx"
    },
    "scopeName": {
      "value": "chat"
    },
    "tenantId": {
      "value": "xxxxxxxx-xxxx-xxxx-xxxx-xxxxxxxxxxxx"
    },
    "aoaiCapacity": {
      "value": 30
    }
  }
}
