[
    {
        "name": "コントソ電機 (Contoso Inc.)", 
        "securities_code": "9999",
        "locale": "ja-jp", 
        "industry": "manufacturing",
        "representative": "山田将司", 
        "establishment_date": "1956/4",
        "capital": 180365, 
        "major_shareholders": "山田武", 
        "business_description": "日本の東京都新宿区に本社を置く総合電機メーカー。東証プライム市場およびニューヨーク証券取引所（NYSE）に上場して、日経インデックス400の構成銘柄の一つ。ハードウェア分野では世界首位の液晶パネルや各種オーディオ・ビジュアル機器を提供。さらに、同社はハード・ソフト・サービスを横断するネットワークサービスにも重点を置いています。", 
        "number_of_employees": 86700, 
        "location": "東京都港区新宿区20-10-5", 
        "revenue": [
            {"2020": 259885}, 
            {"2021": 998661}, 
            {"2022": 921513}
        ], 
        "operating_profit": [
            {"2020": 454590}, 
            {"2021": 698661}, 
            {"2022": 202339}
        ],
        "total_assets": [
            {"2020": 4967000}, 
            {"2021": 7507843}, 
            {"2022": 8480967}
        ],
        "equity_ratio":[
            {"2020": 14.9}, 
            {"2021": 20.3}, 
            {"2022": 21.4}
        ],
        "listed_market" : "東証プライム"
    }
]
