<!--
    IMPORTANT:
    - Policy elements can appear only within the <inbound>, <outbound>, <backend> section elements.
    - To apply a policy to the incoming request (before it is forwarded to the backend service), place a corresponding policy element within the <inbound> section element.
    - To apply a policy to the outgoing response (before it is sent back to the caller), place a corresponding policy element within the <outbound> section element.
    - To add a policy, place the cursor at the desired insertion point and select a policy from the sidebar.
    - To remove a policy, delete the corresponding policy statement from the policy document.
    - Position the <base> element within a section element to inherit all policies from the corresponding section element in the enclosing scope.
    - Remove the <base> element to prevent inheriting policies from the corresponding section element in the enclosing scope.
    - Policies are applied in the order of their appearance, from the top down.
    - Comments within policy elements are not supported and may disappear. Place your comments between policy elements or at a higher level scope.
-->
<policies>
    <inbound>
        <base />
        <set-backend-service base-url="{backend-url}" />
        <cors allow-credentials="false">
            <allowed-origins>
                <origin>{origin}</origin>
            </allowed-origins>
            <allowed-methods>
                <method>GET</method>
                <method>POST</method>
            </allowed-methods>
            <allowed-headers>
                <header>Content-Type</header>
                <header>Authorization</header>
                <header>Ocp-Apim-Subscription-Key</header>
                <header>Origin</header>
                <header>Hoge</header>
            </allowed-headers>
        </cors>
        <validate-azure-ad-token tenant-id="{tenant-id}" header-name="Authorization" failed-validation-httpcode="401" failed-validation-error-message="認証に失敗しました" output-token-variable-name="jwt-variables">
            <client-application-ids>
                <application-id>{aud-app-id}</application-id>
            </client-application-ids>
            <required-claims>
                <claim name="unique_name" />
            </required-claims>
        </validate-azure-ad-token>

        <set-header name="unique_name" exists-action="override">
            <value>@(((Jwt)context.Variables["jwt-variables"]).Claims.GetValueOrDefault("unique_name"))</value>
        </set-header>
        <trace source="jwt" severity="information">
            <message>@(((Jwt)context.Variables["jwt-variables"]).Claims.GetValueOrDefault("unique_name"))</message>
        </trace>
        <quota-by-key calls="300" renewal-period="86400" counter-key="@(((Jwt)context.Variables["jwt-variables"]).Claims.GetValueOrDefault("unique_name"))" increment-condition="@(context.Response.StatusCode >= 200 && context.Response.StatusCode < 300)" />
        <authentication-managed-identity resource="https://cognitiveservices.azure.com" />
    </inbound>
    <backend>
        <base />
    </backend>
    <outbound>
        <base />
    </outbound>
    <on-error>
        <base />
    </on-error>
</policies>