{
    "name": "internal document search",
    "image": "mcr.microsoft.com/devcontainers/python:1-3.11-bullseye",
    "features": {
        "ghcr.io/devcontainers/features/azure-cli:1": {},
        "ghcr.io/devcontainers/features/node:1": {},
        "ghcr.io/devcontainers/features/powershell:1": {},
        "ghcr.io/azure/azure-dev/azd:0": {}
    },
    "customizations": {
        "vscode": {
            "extensions": [
                "ms-azuretools.vscode-bicep",
                "ms-python.python",
                "GitHub.copilot",
                "GitHub.copilot-chat"
            ]
        }
    }
}